{
    "Entities": [
        {
            "Type": 3,
            "XPosition": 2.393538236618042,
            "YPosition": 7.332538604736328,
            "ZPosition": -48.896507263183597,
            "XRotation": -0.2241421490907669,
            "YRotation": 0.8365169763565064,
            "ZRotation": -0.4829632341861725,
            "WValue": -0.12940682470798493,
            "XScale": 2.0,
            "YScale": 4.0,
            "ZScale": 2.0,
            "Id": 0
        },
        {
            "Type": 0,
            "XPosition": -5.059309482574463,
            "YPosition": 3.1862244606018068,
            "ZPosition": -55.396541595458987,
            "XRotation": 0.16090311110019685,
            "YRotation": 0.9140964150428772,
            "ZRotation": 0.3705114722251892,
            "WValue": -0.035485584288835528,
            "XScale": 6.0,
            "YScale": 6.0,
            "ZScale": 6.0,
            "Id": 1
        },
        {
            "Type": 4,
            "XPosition": -0.7418620586395264,
            "YPosition": 11.248570442199707,
            "ZPosition": -74.36590576171875,
            "XRotation": -0.7071473598480225,
            "YRotation": 0.000006322055924101733,
            "ZRotation": 0.7070662975311279,
            "WValue": -0.0000014486537338598283,
            "XScale": 2.0,
            "YScale": 2.0,
            "ZScale": 2.0,
            "Id": 2
        },
        {
            "Type": 0,
            "XPosition": 7.27754020690918,
            "YPosition": 13.0,
            "ZPosition": -55.396480560302737,
            "XRotation": -0.06526391953229904,
            "YRotation": 0.8586172461509705,
            "ZRotation": 0.49572059512138369,
            "WValue": 0.11304078996181488,
            "XScale": 4.0,
            "YScale": 4.0,
            "ZScale": 4.0,
            "Id": 3
        }
    ]
}