{
    "Entities": [
        {
            "Type": 3,
            "XPosition": 0.00011563301086425781,
            "YPosition": 7.5,
            "ZPosition": -66.25003051757813,
            "XRotation": 0.0,
            "YRotation": 1.0,
            "ZRotation": 0.0,
            "WValue": 0.000002756714593488141,
            "XScale": 2.0,
            "YScale": 2.5,
            "ZScale": 2.0,
            "Id": 0
        },
        {
            "Type": 3,
            "XPosition": -2.384185791015625e-7,
            "YPosition": 7.5,
            "ZPosition": -37.750030517578128,
            "XRotation": 0.7071068286895752,
            "YRotation": 0.7071068286895752,
            "ZRotation": 0.0000017881393432617188,
            "WValue": 0.0000018477439880371094,
            "XScale": 2.0,
            "YScale": 3.0999999046325685,
            "ZScale": 2.0,
            "Id": 1
        },
        {
            "Type": 3,
            "XPosition": -2.384185791015625e-7,
            "YPosition": -0.5,
            "ZPosition": -37.750030517578128,
            "XRotation": 0.7071068286895752,
            "YRotation": 0.7071068286895752,
            "ZRotation": 0.0000017881393432617188,
            "WValue": 0.0000018477439880371094,
            "XScale": 2.0,
            "YScale": 3.0999999046325685,
            "ZScale": 2.0,
            "Id": 2
        },
        {
            "Type": 3,
            "XPosition": -2.384185791015625e-7,
            "YPosition": 15.5,
            "ZPosition": -37.750030517578128,
            "XRotation": 0.7071068286895752,
            "YRotation": 0.7071068286895752,
            "ZRotation": 0.0000017881393432617188,
            "WValue": 0.0000018477439880371094,
            "XScale": 2.0,
            "YScale": 3.0999999046325685,
            "ZScale": 2.0,
            "Id": 3
        }
    ]
}