{
    "Entities": [
        {
            "Type": 4,
            "XPosition": 2.1402742862701418,
            "YPosition": 5.399177074432373,
            "ZPosition": -34.07231903076172,
            "XRotation": 0.3535301685333252,
            "YRotation": 0.3535236120223999,
            "ZRotation": 0.14644485712051392,
            "WValue": 0.8535757064819336,
            "XScale": 1.2999999523162842,
            "YScale": 1.2999999523162842,
            "ZScale": 1.2999999523162842,
            "Id": 0
        }
    ]
}